Country,ISO2,1980,1981,1982,1983,1984,1985,1986,1987,1988,1989,1990,1991,1992,1993,1994,1995,1996,1997,1998,1999,2000,2001,2002,2003,2004,2005,2006,2007,2008,2009,2010,2011,2012,2013,2014,2015,2016,2017,2018,2019,2020,2021,2022
United Arab Emirates,AE,0,0,0,0,0,0,0,0,0,0,0,0,0,0,0,0,0,0,0,0,0,0,0,0,0,0,0,0,0,0,0,0,0,0,0,0,0,1,0,0,0,0,0
"Afghanistan, Islamic Rep. of",AF,1,0,0,0,0,0,0,1,1,0,1,4,2,3,0,3,1,3,2,2,1,2,5,8,2,10,12,7,3,4,4,4,10,5,3,5,4,5,5,7,7,4,6
Antigua and Barbuda,AG,0,0,0,1,0,0,0,0,0,1,1,0,0,0,0,1,0,0,1,2,0,0,0,0,0,0,0,0,1,0,1,0,0,0,0,0,0,1,0,0,0,0,0
Anguilla,AI,0,0,0,0,0,0,0,0,0,0,0,0,0,0,0,0,0,0,0,1,0,0,0,0,0,0,0,0,0,0,0,0,0,0,0,0,0,1,0,0,0,0,0
Albania,AL,0,0,0,0,0,2,0,0,0,1,0,0,1,0,0,2,0,1,0,0,0,0,2,0,2,2,0,2,0,1,1,0,1,0,0,3,1,2,1,0,0,1,0
"Armenia, Rep. of",AM,0,0,0,0,0,0,0,0,0,0,0,0,0,0,0,0,0,1,1,0,1,0,0,0,1,0,0,0,0,0,0,0,0,2,0,0,1,0,1,1,1,0,0
Netherlands Antilles,AN,0,0,0,0,0,0,0,0,0,1,0,0,0,0,0,1,0,0,0,0,0,0,0,0,0,0,0,0,0,0,0,0,0,0,0,0,0,0,0,0,0,0,0
Angola,AO,0,1,0,0,0,1,0,0,0,2,0,0,0,0,0,0,0,1,0,0,5,3,1,2,4,1,1,2,1,3,3,4,1,1,0,3,4,2,1,3,3,2,0
Argentina,AR,2,0,1,2,1,2,2,3,1,0,1,0,2,4,1,4,0,1,2,1,8,7,3,4,3,1,1,3,1,5,1,0,3,2,4,4,2,4,5,4,2,2,1
American Samoa,AS,0,0,0,0,0,0,0,0,0,1,0,0,0,0,0,0,0,0,0,0,0,0,0,1,1,1,0,0,0,0,0,0,0,0,0,0,0,0,0,0,0,0,0
Austria,AT,1,1,2,1,2,1,0,0,0,0,5,2,0,1,1,1,1,1,0,2,2,0,3,1,0,3,1,2,1,4,0,0,1,1,0,0,1,2,0,2,0,1,1
Australia,AU,0,2,3,1,1,3,4,0,3,3,4,3,3,4,8,5,9,4,6,5,5,9,5,10,6,4,8,2,5,6,8,3,2,3,4,8,3,3,3,3,3,7,5
"Azerbaijan, Rep. of",AZ,0,0,0,0,0,0,0,0,0,0,0,0,0,0,0,3,0,1,0,0,2,0,0,1,0,0,0,0,0,1,1,0,1,0,0,0,0,0,0,0,0,0,0
Bosnia and Herzegovina,BA,0,0,0,0,0,0,0,0,0,0,0,0,0,0,0,0,0,0,0,1,2,1,0,1,2,2,0,1,0,3,3,0,1,0,4,1,0,0,0,2,1,1,1
Barbados,BB,1,0,0,0,1,0,0,1,0,0,0,0,0,0,0,1,0,0,0,0,0,0,1,0,1,0,0,0,0,0,2,0,0,0,0,0,0,1,0,0,0,1,0
Bangladesh,BD,2,3,2,8,1,5,6,3,6,6,8,6,5,11,9,9,7,7,7,11,11,7,6,7,7,12,7,5,5,6,6,5,5,3,4,7,3,5,4,6,2,2,2
Belgium,BE,0,0,0,0,1,2,0,0,0,0,6,0,0,2,1,1,0,0,2,2,0,0,5,2,0,3,1,1,2,0,3,2,1,2,1,1,2,0,2,3,2,3,1
Burkina Faso,BF,1,0,0,0,1,1,0,0,2,0,1,0,0,0,1,1,0,0,1,1,0,1,0,1,0,0,2,1,2,2,1,1,1,1,1,1,1,1,0,0,4,0,1
Bulgaria,BG,0,1,0,1,0,0,0,0,0,0,0,0,0,1,0,0,0,1,1,1,4,2,1,0,0,7,2,6,1,0,2,0,3,0,5,1,0,0,1,0,0,2,1
Burundi,BI,0,0,0,0,0,0,0,0,0,1,0,0,0,0,0,0,0,0,0,2,1,0,2,1,3,2,7,2,3,2,4,2,0,0,1,2,0,1,3,3,3,1,0
Benin,BJ,1,0,1,0,1,1,0,0,1,0,0,1,0,0,1,1,1,1,1,1,0,0,0,0,0,0,0,1,1,3,1,1,1,2,0,0,0,0,0,0,1,1,1
Bermuda,BM,0,0,0,0,0,1,1,1,0,1,0,0,0,0,0,0,0,0,0,0,0,0,0,1,0,0,0,0,0,0,0,0,0,0,0,0,0,0,0,0,0,0,0
Brunei Darussalam,BN,0,0,0,0,0,0,0,0,0,0,0,0,0,0,0,0,0,0,1,0,0,0,0,0,0,0,0,0,0,0,0,0,0,0,0,0,0,0,0,0,0,0,0
Bolivia,BO,1,0,1,3,1,1,1,1,1,0,1,0,3,0,2,0,1,2,1,2,4,2,3,4,1,1,2,3,2,1,4,2,1,5,4,1,3,0,1,4,3,7,1
Brazil,BR,3,2,1,4,6,4,1,3,5,8,2,2,5,0,3,5,4,4,8,3,6,5,5,5,5,4,2,5,5,9,5,8,3,6,5,6,2,1,3,8,7,9,12
"Bahamas, The",BS,0,0,0,0,0,0,0,0,1,0,1,0,1,0,0,1,0,0,0,1,0,1,0,0,3,1,0,1,2,0,0,1,1,1,0,1,1,1,0,1,0,0,0
Bhutan,BT,0,0,0,0,0,0,0,0,0,0,0,0,0,0,2,0,0,0,0,1,1,0,0,0,1,0,0,0,0,1,0,0,0,0,0,0,0,0,0,0,0,1,0
Botswana,BW,0,1,0,0,0,0,0,0,1,0,1,0,0,0,0,1,0,0,0,0,1,0,0,0,1,0,0,0,0,3,0,1,0,1,0,1,0,1,1,1,0,0,0
"Belarus, Rep. of",BY,0,0,0,0,0,0,0,0,0,0,0,0,0,1,0,0,1,1,0,1,1,0,0,0,0,1,0,1,0,0,0,0,1,1,1,0,0,1,1,0,0,0,0
Belize,BZ,0,0,0,0,0,0,0,0,0,0,2,0,0,0,0,1,0,0,1,0,1,2,0,0,0,2,0,1,2,0,1,0,0,0,0,1,1,0,0,0,1,0,1
Canada,CA,1,1,1,1,1,2,4,3,2,2,1,1,2,1,3,4,2,3,3,3,1,2,2,7,4,5,5,3,2,3,1,4,3,3,2,1,2,3,4,2,2,4,6
"Congo, Dem. Rep. of the",CD,0,0,0,1,0,0,0,0,0,1,1,0,0,0,1,0,0,1,0,1,0,3,1,4,0,1,4,1,2,2,4,2,1,0,2,4,2,2,1,3,6,0,5
Central African Rep.,CF,0,1,0,1,0,0,0,0,0,0,0,0,0,0,0,2,1,0,1,2,0,1,1,1,1,1,0,1,1,3,1,2,2,2,0,1,0,2,0,1,0,1,3
"Congo, Rep. of",CG,0,0,0,1,0,0,0,0,0,0,0,0,0,0,1,0,0,0,1,1,0,0,1,0,0,1,1,1,0,0,0,0,2,0,0,0,0,0,0,2,2,1,1
Switzerland,CH,0,0,1,3,1,1,2,2,1,0,4,0,0,3,1,0,0,1,1,3,1,1,3,2,0,2,2,3,0,1,2,1,2,2,1,0,0,0,1,1,1,3,0
Côte d'Ivoire,CI,1,0,0,0,0,0,0,0,0,1,0,0,0,0,0,0,1,0,0,0,0,0,0,0,0,0,0,1,1,1,2,0,0,0,2,1,1,1,1,1,1,0,1
Cook Islands,CK,0,1,0,0,0,0,0,1,0,0,1,0,0,0,0,0,0,1,0,0,0,1,0,0,0,1,0,0,0,0,1,0,0,0,0,0,0,0,0,0,0,0,0
Chile,CL,0,0,1,0,2,0,2,3,0,1,1,2,3,2,0,2,0,4,0,1,3,4,5,1,2,3,1,1,2,0,1,3,2,1,2,4,1,5,0,2,0,2,2
Cameroon,CM,0,0,0,0,0,0,0,0,1,0,1,1,0,0,1,0,0,0,0,1,1,2,0,1,0,2,0,1,1,0,1,0,3,1,1,1,0,1,0,1,1,0,4
"China, P.R.: Mainland",CN,5,7,6,7,5,12,10,12,15,9,14,10,16,16,15,12,16,17,11,18,24,27,24,16,18,28,30,18,23,24,21,13,22,34,33,31,30,26,20,13,11,12,7
Colombia,CO,1,2,2,1,1,0,5,3,2,1,4,4,0,4,3,2,3,1,2,6,3,6,5,4,2,4,1,4,3,3,6,3,3,1,5,4,2,7,2,6,6,11,14
Costa Rica,CR,1,0,0,0,0,0,0,0,2,0,0,1,1,1,2,1,3,0,2,1,1,1,2,1,2,3,0,2,4,0,2,1,1,0,1,1,1,1,2,0,1,1,1
Serbia and Montenegro,CS,0,0,0,0,0,0,0,0,0,0,0,0,1,0,0,0,0,0,0,2,4,0,1,0,0,3,2,0,0,0,0,0,0,0,0,0,0,0,0,0,0,0,0
Cuba,CU,1,1,1,1,0,2,2,1,3,0,2,0,1,4,2,3,3,1,2,2,2,1,3,1,3,2,2,3,5,0,0,0,3,1,0,2,1,1,2,1,2,2,3
Cabo Verde,CV,1,0,1,0,1,0,0,0,0,0,0,0,1,0,0,0,0,0,1,0,0,0,1,0,0,0,0,0,0,1,0,0,0,0,0,1,0,1,0,0,1,0,1
Cyprus,CY,0,0,0,1,0,0,0,0,0,0,0,1,0,0,0,0,0,0,1,0,3,0,0,1,1,0,0,1,0,0,0,0,0,0,0,0,0,0,0,0,0,1,0
Czech Rep.,CZ,0,0,0,0,0,0,0,0,0,0,0,0,0,0,0,0,1,1,1,0,1,0,3,1,0,3,2,1,1,2,4,0,2,1,0,0,0,1,1,0,1,3,2
Germany,DE,0,0,0,0,0,0,0,0,0,0,6,1,1,3,4,2,1,2,1,4,0,1,4,3,1,5,5,3,3,3,4,1,2,4,2,0,1,3,2,3,1,3,4
Djibouti,DJ,1,1,0,1,0,0,0,0,1,1,0,0,0,1,1,1,1,0,0,1,0,0,0,0,1,1,0,1,1,0,1,0,0,0,0,0,0,0,1,1,1,0,1
Denmark,DK,1,1,0,1,0,1,0,0,0,0,3,0,1,0,0,0,0,0,0,1,0,0,1,0,0,1,0,1,0,0,1,0,0,2,0,0,0,0,0,0,0,0,1
Dominica,DM,1,0,0,0,1,0,0,0,0,1,0,0,0,0,0,2,0,0,0,1,0,0,0,0,0,0,0,1,0,0,0,1,0,0,0,1,0,1,0,0,0,0,0
Dominican Rep.,DO,1,1,0,1,0,1,1,1,1,1,0,1,0,2,0,2,2,0,1,0,0,1,1,3,4,3,0,5,3,2,3,3,4,1,1,3,3,3,2,0,2,2,3
Algeria,DZ,0,2,1,0,1,1,0,0,1,0,0,0,1,2,3,0,1,1,0,1,5,1,3,5,2,3,1,7,1,2,0,1,2,0,0,2,0,1,1,1,0,3,1
Ecuador,EC,0,0,1,2,0,1,0,2,0,1,0,0,1,3,1,0,0,3,0,0,3,2,2,1,0,0,1,0,1,2,2,2,2,4,0,1,2,0,0,2,1,2,5
"Estonia, Rep. of",EE,0,0,0,0,0,0,0,0,0,0,0,0,0,0,0,0,0,0,0,0,0,0,0,0,0,2,0,0,0,0,0,0,1,0,0,0,0,0,1,0,0,0,0
"Egypt, Arab Rep. of",EG,0,0,0,0,0,0,0,1,0,0,0,1,0,0,1,2,2,2,0,0,1,0,2,0,1,0,0,0,0,0,3,0,0,0,0,3,1,0,0,0,1,1,0
"Eritrea, The State of",ER,0,0,0,0,0,0,0,0,0,0,0,0,0,2,0,0,0,0,0,1,0,0,0,1,1,0,0,0,1,0,0,0,0,0,0,0,0,0,0,0,0,0,0
Spain,ES,1,1,2,2,3,3,0,2,0,3,3,1,0,0,4,2,2,2,2,2,5,1,1,2,3,2,3,4,0,2,2,1,2,2,1,2,1,2,4,8,1,3,2
"Ethiopia, The Federal Dem. Rep. of",ET,0,1,0,1,0,2,0,1,2,1,1,0,0,2,2,1,2,3,1,7,4,3,1,2,0,5,7,2,4,1,3,2,0,1,0,2,2,0,2,2,4,2,2
Finland,FI,0,0,0,0,0,0,0,0,0,0,2,0,0,0,0,0,0,0,0,0,0,0,0,0,0,1,0,0,0,0,0,0,0,0,0,0,0,0,0,0,0,0,0
"Fiji, Rep. of",FJ,1,1,0,3,0,3,2,1,0,1,1,0,1,1,0,0,0,1,1,1,1,1,0,1,2,0,2,4,1,2,1,0,3,0,0,1,2,0,2,1,3,1,1
"Micronesia, Federated States of",FM,0,0,0,0,0,0,0,1,0,0,0,0,0,0,0,0,0,0,1,0,0,0,2,1,1,0,0,0,1,0,0,0,0,0,0,1,1,0,0,1,0,0,0
France,FR,1,1,6,8,5,3,1,2,1,2,10,3,3,3,3,1,3,3,2,8,7,7,5,6,1,5,3,3,4,4,4,2,1,3,7,3,1,3,7,9,7,9,6
Gabon,GA,0,0,0,0,0,0,0,0,1,0,0,0,0,0,0,0,0,0,0,0,0,0,0,0,0,0,0,0,0,1,2,0,1,0,0,0,0,0,0,0,0,0,0
United Kingdom,GB,0,1,0,1,1,0,1,1,0,1,7,2,0,2,2,1,1,3,4,3,6,2,5,1,1,4,0,4,3,3,2,0,5,5,2,2,0,1,2,3,3,1,5
Grenada,GD,1,0,0,0,0,0,0,0,0,0,1,0,0,0,0,0,0,0,0,1,0,0,1,0,1,0,0,0,0,0,1,0,0,0,0,0,0,0,0,0,0,0,0
Georgia,GE,0,0,0,0,0,0,0,0,0,0,0,0,0,0,0,1,0,3,0,0,1,1,0,0,2,1,1,0,0,0,0,1,2,3,1,1,0,0,1,1,1,1,1
Ghana,GH,1,0,0,0,0,1,0,0,0,1,0,1,0,0,0,1,0,0,0,1,0,1,2,0,0,0,0,1,1,2,2,2,0,1,0,1,1,2,1,2,2,2,1
"Gambia, The",GM,1,0,0,0,0,0,0,0,0,0,0,0,0,0,0,0,1,0,0,1,0,1,1,1,1,0,0,1,2,2,2,0,1,1,0,1,0,1,0,1,0,1,1
Guinea,GN,1,1,0,0,0,0,0,0,0,0,0,0,0,1,0,0,0,0,1,0,1,1,0,0,1,0,1,1,1,1,2,1,0,1,0,2,0,1,0,0,1,1,1
Greece,GR,0,0,0,1,2,2,0,3,1,0,2,1,0,0,1,1,0,1,2,0,5,2,5,3,2,0,3,4,0,2,1,0,2,0,1,2,1,2,1,1,2,1,1
Guatemala,GT,0,0,1,0,0,0,0,3,1,1,0,0,0,0,2,1,1,0,2,1,2,3,3,2,0,4,1,3,4,2,5,6,1,0,4,3,2,6,3,2,5,3,2
Guam,GU,0,0,0,0,0,0,0,1,0,0,0,0,1,0,0,0,0,1,0,0,0,0,2,0,2,0,0,0,0,0,0,0,0,0,0,0,0,0,0,0,0,0,0
Guinea-Bissau,GW,1,0,0,0,0,0,0,1,0,0,0,0,0,1,0,0,0,0,1,0,0,0,1,1,1,0,1,0,1,0,1,0,0,0,0,0,0,0,1,0,0,0,0
Guyana,GY,0,0,0,0,0,0,0,0,1,1,0,0,0,0,0,0,1,1,0,0,0,0,0,0,0,1,1,0,1,0,1,0,0,0,0,1,0,1,0,0,0,1,1
"China, P.R.: Hong Kong",HK,2,1,4,4,0,3,2,2,1,3,0,1,3,7,1,0,0,2,0,1,0,0,0,2,0,1,0,0,3,1,1,0,0,0,0,0,0,2,1,0,0,2,0
Honduras,HN,0,1,1,0,1,0,1,0,3,0,1,0,0,2,3,2,3,1,1,1,2,2,4,2,1,5,1,3,2,1,4,1,1,0,3,0,2,4,2,0,4,1,3
"Croatia, Rep. of",HR,0,0,0,0,0,0,0,0,0,0,0,0,0,0,0,0,0,1,0,0,3,1,0,3,0,3,1,2,0,0,3,0,3,0,2,1,0,2,1,1,0,0,1
Haiti,HT,2,0,0,0,0,0,2,4,5,3,1,0,1,2,1,0,4,0,1,1,2,2,2,5,3,8,3,7,4,3,5,4,5,1,2,2,8,5,0,2,1,3,2
Hungary,HU,0,0,0,0,1,0,1,0,0,0,0,0,1,0,0,0,1,1,0,3,1,2,1,2,1,4,2,1,1,0,1,0,1,2,1,0,1,1,1,1,0,0,0
Indonesia,ID,3,4,7,4,4,4,5,6,3,3,2,4,2,2,7,5,6,2,2,4,8,8,9,13,7,6,12,10,13,7,8,8,11,12,8,11,12,10,8,14,26,21,13
Ireland,IE,0,0,0,1,0,0,1,1,0,0,3,1,0,1,0,0,1,0,1,1,1,0,1,0,1,1,0,0,0,1,0,1,0,0,1,1,0,1,1,0,1,0,1
Israel,IL,0,0,0,1,0,0,0,0,0,0,0,1,1,0,0,1,0,1,1,1,2,0,0,0,0,0,0,0,0,0,2,0,0,1,0,1,1,0,1,0,2,0,0
Isle of Man,IM,0,0,0,0,0,0,0,0,0,0,0,0,0,0,0,0,0,0,0,0,0,0,0,0,0,0,0,0,0,0,0,0,0,0,0,0,0,0,0,0,1,0,0
India,IN,10,6,6,10,9,9,10,10,8,7,12,9,8,9,5,9,12,9,14,7,13,17,13,16,6,25,20,20,11,17,17,12,9,11,16,19,15,18,23,12,11,16,7
Iraq,IQ,0,0,0,0,0,0,0,0,0,0,0,0,0,0,0,0,0,0,1,0,0,0,0,0,1,0,2,0,1,1,0,1,1,1,0,1,0,0,1,1,1,3,1
"Iran, Islamic Rep. of",IR,2,2,0,0,0,0,2,6,1,1,2,5,3,4,3,3,4,2,4,5,4,4,4,2,3,5,1,2,3,0,0,0,1,0,1,5,1,2,1,3,7,4,3
Iceland,IS,0,0,0,1,0,0,0,0,1,0,0,0,0,0,0,2,0,0,0,0,0,0,0,0,0,0,0,0,0,0,0,0,0,0,0,0,0,0,0,0,0,0,0
Italy,IT,0,0,1,2,0,1,1,6,0,0,3,0,2,1,3,0,3,2,2,2,4,3,4,3,1,1,2,2,3,4,3,4,3,1,5,4,1,4,4,5,7,2,3
Jamaica,JM,1,1,0,0,0,1,1,1,2,0,0,1,0,1,1,0,1,0,0,0,1,1,3,0,2,3,1,2,2,0,1,0,1,0,1,0,1,1,0,0,0,0,0
Jordan,JO,0,0,0,0,0,0,0,1,0,0,0,2,1,0,0,0,0,1,0,1,3,0,1,0,0,0,0,0,0,0,0,0,0,0,0,0,0,0,2,0,0,0,0
Japan,JP,2,5,5,4,1,2,5,1,1,4,3,5,2,6,3,2,2,3,7,3,4,5,6,3,11,4,5,5,2,5,2,5,7,9,11,10,7,4,5,9,4,4,6
Kenya,KE,0,0,1,1,0,0,0,0,1,0,1,1,0,0,1,0,2,1,1,1,0,1,5,2,3,4,4,4,8,2,4,4,1,4,1,3,3,1,3,3,2,1,0
Kyrgyz Rep.,KG,0,0,0,0,0,0,0,0,0,0,0,0,0,0,2,0,0,0,1,0,1,0,1,1,3,1,1,1,0,1,1,0,2,0,1,0,0,1,0,0,0,1,1
Cambodia,KH,0,0,0,0,0,0,0,1,0,0,0,1,0,0,2,0,1,1,0,2,1,2,2,0,1,2,2,1,0,2,1,1,1,1,1,2,1,0,1,1,2,4,2
Kiribati,KI,0,0,0,0,0,0,0,0,0,0,0,0,0,0,0,0,0,0,0,1,0,0,0,0,0,0,0,0,1,0,0,0,0,0,1,1,0,0,0,0,0,0,0
"Comoros, Union of the",KM,0,1,0,1,0,1,0,1,0,1,0,0,0,0,0,0,0,0,0,0,0,0,0,1,0,0,0,0,0,1,0,0,1,0,1,0,0,0,0,2,0,0,0
St. Kitts and Nevis,KN,0,0,0,0,1,0,0,1,0,1,1,0,0,0,0,1,0,0,1,1,0,0,0,0,0,0,0,0,1,0,0,0,0,0,0,0,0,1,0,0,0,0,0
"Korea, Dem. People's Rep. of",KP,0,0,0,0,0,0,0,2,0,0,0,0,0,1,0,2,1,2,1,1,1,2,2,0,2,1,2,2,0,0,3,3,3,1,0,2,2,1,3,2,1,1,0
"Korea, Rep. of",KR,2,2,2,0,2,1,1,3,1,1,3,2,2,2,1,2,2,2,4,2,5,4,4,1,7,5,1,2,1,0,1,3,3,0,3,0,2,0,1,4,5,1,4
Kuwait,KW,0,0,0,0,0,0,0,0,0,0,0,0,0,0,0,0,0,1,0,0,0,0,0,0,0,0,0,0,0,0,0,0,0,0,0,0,0,0,1,0,0,0,0
Cayman Islands,KY,0,0,0,0,0,0,0,0,0,0,0,0,0,0,0,0,0,0,0,0,0,1,2,0,2,0,0,0,2,0,0,0,0,0,0,0,0,0,0,0,0,0,0
"Kazakhstan, Rep. of",KZ,0,0,0,0,0,0,0,0,0,0,0,0,0,1,0,1,0,2,0,0,1,2,0,0,1,1,0,0,1,0,2,1,2,0,1,1,0,1,1,0,1,1,0
Lao People's Dem. Rep.,LA,0,1,0,0,1,0,0,1,1,0,0,3,2,1,1,3,1,0,0,1,1,1,1,0,0,0,0,0,1,2,0,2,0,2,1,2,1,1,3,2,2,1,1
Lebanon,LB,0,0,0,0,0,0,0,1,0,0,0,0,1,0,0,0,0,0,0,0,0,0,1,1,0,0,0,1,0,0,0,0,0,0,0,3,0,0,1,1,1,0,0
St. Lucia,LC,1,0,0,1,0,0,1,1,1,0,0,0,0,0,1,0,1,0,0,1,0,0,0,0,1,0,0,1,0,0,3,0,0,1,0,0,1,0,0,0,0,1,1
Sri Lanka,LK,1,2,3,1,4,1,1,1,1,1,2,1,2,3,3,1,1,1,2,1,3,2,1,1,1,1,1,3,4,3,2,4,3,3,7,2,2,3,3,6,3,5,5
Liberia,LR,1,0,0,0,0,0,0,0,0,0,1,0,0,0,0,1,0,0,1,0,0,0,0,0,0,0,0,2,1,1,1,0,0,0,0,0,1,0,0,0,0,0,0
"Lesotho, Kingdom of",LS,0,0,0,1,0,1,0,1,0,1,2,0,0,0,0,0,1,0,0,0,0,2,1,0,0,0,0,1,1,0,0,3,0,0,1,0,1,0,0,1,1,1,0
Lithuania,LT,0,0,0,0,0,0,0,0,0,0,0,0,1,1,0,0,0,0,0,2,0,1,0,0,0,2,1,0,0,0,2,0,2,0,0,0,0,0,2,0,0,0,0
Luxembourg,LU,0,0,0,1,0,0,0,0,0,0,6,0,0,1,0,1,0,0,0,0,0,0,0,1,0,0,0,0,0,0,1,0,0,0,0,0,0,0,0,1,0,1,0
Latvia,LV,0,0,0,0,0,0,0,0,0,0,0,0,0,0,0,0,0,0,0,1,0,1,0,1,0,3,0,0,0,0,0,0,1,0,0,0,0,0,1,0,0,0,0
Libya,LY,0,0,0,0,0,0,0,0,0,0,0,0,0,0,0,1,0,0,0,0,0,0,0,0,0,0,0,0,0,0,0,0,0,1,0,0,0,0,0,1,0,0,0
Morocco,MA,0,0,1,1,1,0,0,0,0,0,0,0,0,0,0,3,2,1,0,1,3,1,1,1,0,1,3,0,2,2,2,0,1,0,3,0,1,2,1,3,0,2,0
"Moldova, Rep. of",MD,0,0,0,0,0,0,0,0,0,0,0,0,0,0,2,0,0,1,0,1,2,0,1,0,0,2,0,1,1,0,1,0,2,0,0,0,0,0,0,1,0,0,0
Montenegro,ME,0,0,0,0,0,0,0,0,0,0,0,0,0,0,0,0,0,0,0,0,0,0,0,0,0,0,0,1,0,1,2,0,1,0,0,0,0,1,0,0,0,0,0
"Madagascar, Rep. of",MG,0,2,1,1,1,0,2,0,1,1,0,1,0,0,3,0,1,2,1,0,3,0,4,4,2,4,2,4,4,3,1,1,3,2,2,3,1,2,2,3,3,2,7
"Marshall Islands, Rep. of the",MH,0,0,0,0,0,0,0,0,0,0,0,1,0,0,0,0,0,0,0,0,0,0,0,0,0,0,0,0,1,0,0,0,0,1,1,1,0,0,1,0,0,0,1
"North Macedonia, Republic of ",MK,0,0,0,0,0,0,0,0,0,0,0,0,0,1,0,1,0,0,0,0,1,1,1,2,2,2,1,2,0,0,0,0,1,1,1,2,1,1,0,0,0,1,0
Mali,ML,1,0,0,0,0,0,0,0,1,1,0,1,0,0,0,0,0,0,2,1,1,2,1,1,0,3,2,2,1,1,3,2,0,2,0,1,1,0,1,2,1,0,2
Myanmar,MM,0,1,1,0,0,0,0,0,0,0,0,1,1,0,1,1,0,1,0,1,0,1,1,0,1,1,2,4,1,1,2,1,1,2,2,6,5,2,4,3,2,1,0
Mongolia,MN,0,0,1,0,0,0,1,0,0,0,2,1,0,1,1,0,2,0,0,0,3,1,2,1,0,0,0,0,1,2,0,0,0,0,0,1,1,1,3,3,4,2,2
"China, P.R.: Macao",MO,0,0,0,0,0,0,0,0,0,0,0,0,0,4,0,0,0,0,0,0,0,0,0,0,0,0,0,0,0,0,0,0,0,0,0,0,0,2,0,0,0,0,0
Northern Mariana Islands,MP,0,0,0,0,0,0,0,0,0,0,0,0,0,0,0,0,0,0,0,0,0,0,1,0,1,0,0,0,0,0,0,0,0,0,0,1,0,0,1,0,0,0,0
"Mauritania, Islamic Rep. of",MR,1,0,0,0,1,1,0,0,0,0,0,1,0,1,0,1,0,1,0,3,0,2,1,1,0,1,2,2,0,1,2,1,0,1,0,0,0,2,1,1,3,0,1
Montserrat,MS,0,0,0,0,0,0,0,0,0,1,1,0,0,0,0,1,0,0,0,0,0,0,0,0,0,0,0,0,0,0,0,0,0,0,0,0,0,0,0,0,0,0,0
Mauritius,MU,0,0,2,1,0,0,0,0,0,1,0,1,0,0,1,0,1,0,0,2,0,0,1,0,0,0,0,1,0,0,0,0,0,1,0,0,0,0,1,0,0,0,1
Maldives,MV,0,0,0,0,0,0,0,1,0,0,0,1,0,0,0,0,0,0,0,0,0,0,0,0,0,0,0,1,0,0,0,0,0,0,0,0,0,0,0,1,0,1,0
Malawi,MW,0,0,1,0,0,0,0,1,0,1,1,1,1,0,0,2,0,1,1,1,1,2,3,2,0,3,2,5,1,0,1,3,4,1,0,3,1,1,3,3,1,1,4
Mexico,MX,2,1,3,3,2,0,1,2,5,2,3,3,3,7,0,7,6,6,9,7,6,6,7,8,3,7,7,7,3,7,8,11,2,5,6,4,7,5,3,6,7,10,5
Malaysia,MY,0,0,0,1,0,0,1,1,1,0,0,0,0,1,0,2,3,2,3,1,2,4,2,3,5,3,4,2,2,2,0,2,0,1,2,1,4,4,2,4,5,8,6
"Mozambique, Rep. of",MZ,0,2,0,0,1,2,0,1,1,1,1,0,0,0,1,0,1,2,2,1,5,4,2,5,0,3,0,6,4,2,2,3,3,1,2,1,4,1,2,5,3,3,4
Namibia,NA,0,1,0,0,0,0,0,0,0,0,1,0,0,0,0,1,0,0,1,0,1,1,1,1,2,0,2,1,1,1,1,1,1,2,0,1,0,1,1,0,1,1,0
New Caledonia,NC,0,3,0,0,0,0,0,0,0,0,0,0,0,0,0,0,0,0,0,1,0,0,0,1,0,0,0,0,0,0,0,0,0,0,0,0,0,0,0,0,0,1,0
Niger,NE,1,0,0,0,0,0,0,0,2,0,1,0,0,0,1,0,0,1,1,2,1,2,1,1,0,1,1,1,1,2,2,3,1,2,1,2,2,3,1,2,3,1,2
Nigeria,NG,0,1,0,0,0,1,0,0,2,0,0,0,1,0,1,0,0,0,2,4,9,3,2,1,5,2,3,3,0,2,1,5,2,1,1,1,2,2,2,2,3,2,3
Nicaragua,NI,1,0,1,0,0,0,0,0,1,0,1,1,0,1,1,1,2,1,1,2,4,2,3,0,2,2,0,2,3,3,4,1,1,1,2,1,1,2,2,0,2,0,2
"Netherlands, The",NL,0,0,0,0,1,1,1,0,0,0,6,0,1,1,1,1,0,1,2,0,0,0,1,1,0,3,1,1,1,0,1,0,1,3,0,0,1,0,2,1,1,2,1
Norway,NO,0,0,0,0,0,0,0,0,0,0,2,0,1,1,0,1,0,0,0,0,1,1,0,0,0,1,0,0,1,0,0,1,0,0,0,0,0,0,0,1,1,0,1
Nepal,NP,0,2,1,2,1,1,2,1,3,1,1,2,1,2,0,3,3,1,2,2,1,1,2,2,1,3,4,1,2,5,2,6,3,2,6,2,3,3,2,2,1,4,4
New Zealand,NZ,2,1,0,1,1,2,3,2,4,1,0,1,3,0,1,0,1,2,1,1,2,1,1,1,2,2,1,1,0,0,0,0,1,2,0,2,1,2,1,0,3,4,1
Oman,OM,0,1,0,0,0,0,0,0,0,0,0,0,0,0,0,0,0,0,0,0,0,0,1,1,0,0,0,1,0,0,1,1,0,0,0,1,1,1,2,1,1,2,0
Panama,PA,0,0,0,1,1,0,1,0,1,0,0,1,1,0,0,1,0,0,1,2,1,1,2,1,3,1,3,1,2,1,4,2,2,1,1,2,1,1,1,0,3,2,1
Peru,PE,1,2,3,4,1,2,2,4,2,1,5,1,2,1,2,1,0,3,2,3,2,4,5,3,4,0,2,2,1,6,3,5,3,3,4,3,1,3,0,5,4,8,2
French Polynesia,PF,0,0,0,2,0,0,0,1,0,0,0,0,0,0,0,0,0,0,2,0,0,0,0,0,0,0,0,0,0,0,1,0,0,0,0,0,0,1,0,0,0,0,0
Papua New Guinea,PG,1,0,0,2,0,0,0,0,0,0,0,1,1,2,0,0,1,3,0,1,0,0,1,2,1,1,4,1,2,1,0,1,2,1,2,3,1,0,0,2,5,0,0
Philippines,PH,8,12,13,6,4,5,7,6,8,12,9,9,7,10,17,13,5,4,6,16,10,9,11,10,12,4,19,14,20,23,13,30,18,13,12,16,10,11,8,9,7,13,9
Pakistan,PK,2,2,1,3,1,0,1,0,2,1,1,3,3,4,3,3,3,5,3,6,1,5,6,6,2,8,9,10,3,3,7,1,5,2,3,7,8,5,2,10,6,6,4
"Poland, Rep. of",PL,1,0,1,2,0,0,0,1,0,0,1,0,1,0,1,0,0,2,2,2,1,2,3,0,1,4,1,2,2,3,3,1,4,2,1,2,2,1,2,1,2,3,3
West Bank and Gaza,PS,0,0,0,0,0,0,0,0,0,0,0,0,0,0,0,0,0,0,0,0,0,0,0,0,0,0,0,0,1,0,1,0,1,2,0,2,0,0,0,0,1,0,1
Portugal,PT,0,1,0,3,0,1,1,0,0,1,0,1,0,0,0,0,2,2,0,0,1,2,1,3,2,2,2,0,2,0,3,0,0,3,2,1,1,2,3,1,0,0,3
"Palau, Rep. of",PW,0,0,0,0,0,0,0,0,0,0,0,0,0,0,0,0,0,0,0,0,0,0,0,0,0,0,0,0,0,0,0,0,1,1,0,1,0,0,0,0,0,1,0
Paraguay,PY,0,0,1,2,0,0,0,0,1,0,1,0,1,0,0,2,0,2,1,1,1,0,2,0,1,1,0,1,2,3,1,1,3,3,2,3,1,0,2,4,0,2,0
Qatar,QA,0,0,0,0,0,0,0,0,0,0,0,0,0,0,0,0,0,0,0,0,0,0,0,0,0,0,0,0,0,0,0,0,0,0,0,0,0,0,1,0,0,0,0
Romania,RO,0,0,0,1,1,0,0,0,0,0,0,1,0,1,3,1,1,2,3,3,5,3,4,2,6,9,7,6,3,3,2,0,1,1,3,1,2,1,3,1,1,1,0
"Serbia, Rep. of",RS,0,0,0,0,0,0,0,0,0,0,0,0,0,0,0,0,0,0,0,0,0,0,0,0,0,0,0,2,0,2,5,0,3,2,5,0,2,1,1,1,1,1,0
Russian Federation,RU,0,0,0,0,0,0,0,0,0,0,0,0,3,6,8,6,4,3,8,5,19,10,11,4,7,9,3,2,0,0,8,3,8,2,1,2,3,2,2,5,0,5,3
Rwanda,RW,0,0,0,0,1,0,0,0,1,1,0,0,0,0,0,0,1,0,0,1,0,2,1,2,0,0,1,2,1,0,2,1,1,0,0,1,2,2,4,2,5,1,3
Saudi Arabia,SA,0,0,1,0,0,1,0,0,0,0,0,0,0,0,0,0,0,0,0,0,0,0,1,2,1,2,0,0,0,1,2,1,1,2,0,2,3,1,0,3,1,0,0
Solomon Islands,SB,0,0,1,0,0,1,1,0,0,0,0,0,1,1,0,0,0,1,1,0,0,0,1,2,0,0,0,0,0,1,2,1,1,1,1,3,0,0,1,0,1,0,0
Seychelles,SC,0,0,0,0,0,0,0,0,0,0,0,0,0,0,0,0,0,1,0,0,0,0,1,0,0,0,0,0,0,0,0,0,0,1,1,0,0,0,0,0,0,0,0
Sudan,SD,1,0,0,3,0,0,0,1,1,0,1,1,0,1,1,0,4,1,2,5,0,1,2,1,0,2,3,1,0,1,2,2,1,1,1,3,1,1,3,2,1,2,2
Sweden,SE,0,0,0,0,0,1,0,0,0,0,2,0,0,0,0,0,0,0,0,1,0,0,1,0,0,2,0,0,0,0,0,0,0,1,0,0,0,0,1,0,1,1,0
Saint Helena,SH,0,0,0,0,0,0,0,0,0,0,0,0,0,0,0,0,0,0,0,0,0,1,0,0,0,0,0,0,0,0,0,0,0,0,0,0,0,0,0,0,0,0,0
"Slovenia, Rep. of",SI,0,0,0,0,0,0,0,0,0,0,0,0,0,0,0,0,0,0,0,0,0,0,0,1,0,1,0,2,0,0,0,0,1,0,2,0,0,0,0,0,1,1,0
Slovak Rep.,SK,0,0,0,0,0,0,0,0,0,0,0,0,0,0,0,0,0,1,1,1,1,1,1,1,2,2,2,1,0,0,3,0,1,1,0,0,0,1,0,1,1,1,0
Sierra Leone,SL,0,0,0,0,1,0,0,0,0,0,0,0,0,0,0,0,1,0,0,1,0,0,0,0,1,1,0,1,0,1,2,1,0,1,0,1,0,1,0,2,0,0,1
Senegal,SN,1,0,0,1,0,1,0,0,1,0,0,0,0,1,1,0,0,0,1,2,1,0,2,1,1,1,0,1,1,1,2,2,1,1,1,0,1,0,1,1,1,0,1
Somalia,SO,1,1,0,1,0,0,0,2,1,2,0,0,0,0,2,1,1,2,0,1,3,1,1,2,2,3,5,2,2,1,3,2,2,3,2,5,1,0,2,3,4,1,1
Suriname,SR,0,0,0,0,0,0,0,0,0,0,0,0,0,0,0,0,0,0,0,0,0,0,0,0,0,0,1,0,1,0,0,0,0,0,0,0,0,0,0,0,0,1,1
"South Sudan, Rep. of",SS,0,0,0,0,0,0,0,0,0,0,0,0,0,0,0,0,0,0,0,0,0,0,0,0,0,0,0,0,3,1,2,0,2,2,0,0,2,0,0,3,1,2,1
"São Tomé and Príncipe, Dem. Rep. of",ST,0,0,0,1,0,0,0,0,0,0,0,0,0,0,0,0,0,0,0,0,0,0,0,0,0,0,0,0,0,0,0,0,0,0,0,0,0,0,0,0,0,1,0
El Salvador,SV,0,0,2,0,0,0,0,0,2,1,0,0,1,1,1,1,1,1,2,1,2,2,2,0,0,4,1,2,2,2,3,1,0,0,1,2,0,1,2,0,4,1,2
"Sint Maarten, Kingdom of the Netherlands",SX,0,0,0,0,0,0,0,0,0,0,0,0,0,0,0,0,0,0,0,0,0,0,0,0,0,0,0,0,0,0,0,0,0,0,0,0,0,1,0,0,0,0,0
Syrian Arab Rep.,SY,0,0,0,0,0,0,0,0,0,0,0,0,0,0,0,0,0,0,0,1,0,1,1,0,1,0,1,0,1,0,0,0,0,0,0,2,0,0,0,1,1,2,1
"Eswatini, Kingdom of",SZ,0,1,0,0,2,0,0,0,0,0,1,0,0,0,0,0,0,0,0,0,1,1,0,0,0,1,1,2,1,0,0,0,0,0,1,0,1,0,0,1,0,1,1
Turks and Caicos Islands,TC,0,0,0,0,0,1,0,0,0,0,1,0,0,0,0,0,0,0,0,0,0,0,0,0,1,0,0,0,3,0,0,0,0,0,0,0,0,1,0,0,0,0,0
Chad,TD,1,0,0,0,0,1,0,0,2,0,0,1,0,1,0,1,0,1,1,1,0,2,0,0,0,0,1,3,2,3,1,0,3,0,0,0,0,1,0,2,2,1,2
Togo,TG,1,0,0,0,0,0,0,0,0,1,0,0,0,0,1,2,0,0,1,1,0,0,0,0,0,0,1,1,1,1,2,0,0,0,0,0,0,1,0,0,1,0,1
Thailand,TH,1,2,0,1,2,1,1,1,1,1,1,4,4,6,7,2,2,3,0,7,5,6,6,4,6,6,3,5,6,1,2,4,2,3,7,2,4,6,0,3,7,6,11
"Tajikistan, Rep. of",TJ,0,0,0,0,0,0,0,0,0,0,0,0,2,1,1,0,1,1,3,2,1,3,4,3,1,3,2,3,2,1,2,1,2,1,2,3,1,2,1,1,1,2,0
Tokelau,TK,0,0,0,0,0,0,0,1,0,0,1,0,0,0,0,0,0,0,0,0,0,0,0,0,0,1,0,0,0,0,0,0,0,0,0,0,0,0,0,0,0,0,0
"Timor-Leste, Dem. Rep. of",TL,0,0,0,0,0,0,0,0,0,0,0,0,0,0,0,0,0,0,0,0,0,1,0,2,0,0,1,3,0,0,0,0,0,0,0,0,1,0,0,0,1,1,0
Turkmenistan,TM,0,0,0,0,0,0,0,0,0,0,0,0,0,1,0,0,0,0,0,0,0,0,0,0,0,0,0,0,0,0,0,0,0,0,0,0,0,0,0,0,0,0,0
Tunisia,TN,0,0,1,0,0,0,1,0,1,0,1,0,0,0,0,0,0,0,0,0,0,0,0,2,0,0,0,2,0,1,0,0,0,0,0,0,0,1,2,0,1,2,1
Tonga,TO,0,0,2,0,0,0,0,0,0,0,1,0,0,0,0,0,0,1,2,0,0,1,0,0,1,0,0,0,0,0,0,1,0,0,1,1,3,0,1,0,1,0,0
"Türkiye, Rep. of",TR,2,1,0,0,1,1,0,1,2,0,2,2,0,1,2,3,1,0,3,0,4,5,2,1,7,5,2,4,1,4,1,1,1,1,0,2,0,1,1,3,5,3,3
Trinidad and Tobago,TT,0,0,0,0,0,0,0,0,0,0,1,0,0,1,0,0,1,0,0,0,0,0,0,0,2,1,0,0,0,0,1,0,0,0,0,0,0,0,1,0,0,0,1
Tuvalu,TV,0,0,0,0,1,0,0,1,0,0,1,0,0,1,0,0,0,0,0,0,0,0,0,0,0,0,0,0,0,0,0,1,0,0,0,1,0,0,0,0,1,1,0
Taiwan Province of China,TW,0,1,0,1,1,0,3,1,0,1,2,1,1,0,5,0,2,2,3,0,2,5,2,1,5,5,3,2,5,1,2,0,3,3,2,3,4,2,1,1,1,2,1
"Tanzania, United Rep. of",TZ,0,0,1,0,1,0,1,0,2,1,3,0,0,2,2,2,1,3,2,0,1,2,1,2,1,1,3,0,4,3,0,4,1,0,2,2,3,1,1,5,4,3,1
Ukraine,UA,0,0,0,0,0,0,0,0,0,0,0,0,1,2,0,1,1,2,1,0,4,1,0,1,0,2,2,2,2,1,1,0,3,1,0,0,2,1,1,0,3,1,0
Uganda,UG,0,0,0,0,0,0,0,1,0,0,0,0,0,0,0,0,0,2,2,1,2,3,4,2,2,1,2,2,2,0,2,2,2,1,0,0,2,1,1,8,6,3,5
United States,US,7,4,13,9,14,15,6,9,22,17,21,35,29,28,14,17,14,33,32,22,30,26,29,22,20,16,28,23,21,17,15,23,25,28,19,29,26,24,19,20,23,43,25
Uruguay,UY,0,0,0,0,0,0,1,0,0,0,0,1,1,1,0,0,0,1,1,2,3,1,2,1,1,1,0,3,0,1,1,0,0,0,0,3,1,1,1,3,2,0,1
"Uzbekistan, Rep. of",UZ,0,0,0,0,0,0,0,0,0,0,0,0,0,0,0,0,0,0,0,1,1,0,0,0,0,1,0,0,0,0,0,0,0,0,0,0,0,0,0,0,1,1,1
St. Vincent and the Grenadines,VC,1,0,0,0,0,0,1,2,0,0,0,0,1,0,0,0,0,0,0,1,0,0,1,0,1,1,0,0,0,0,2,1,0,1,0,0,2,0,0,0,0,1,0
"Venezuela, Rep. Bolivariana de",VE,0,1,0,0,0,1,0,2,3,0,0,0,0,1,2,0,2,1,0,3,2,0,1,2,2,4,1,0,1,1,2,3,1,0,0,1,1,0,2,1,1,2,8
British Virgin Islands,VG,0,0,0,0,0,0,0,0,0,0,0,0,0,0,0,0,1,0,0,0,0,0,0,0,0,0,0,0,0,0,0,0,0,0,0,0,0,2,0,0,0,0,0
United States Virgin Islands,VI,0,0,0,0,0,0,0,0,0,1,0,0,0,0,0,2,0,0,1,1,0,0,0,0,1,0,0,0,0,0,0,0,0,0,0,0,0,2,0,0,0,0,0
Vietnam,VN,3,0,1,3,3,2,2,3,2,3,4,7,5,4,3,2,6,4,4,5,11,7,6,4,6,10,11,6,10,6,7,5,4,10,3,5,8,9,7,8,11,8,8
Vanuatu,VU,0,2,0,0,0,1,0,1,3,0,0,0,2,1,0,0,0,0,1,1,0,2,1,0,1,0,0,0,0,1,0,2,0,0,1,1,0,1,0,0,1,0,0
Wallis and Futuna Islands,WF,0,0,0,0,0,0,1,0,0,0,0,0,0,0,0,0,0,0,0,0,0,0,0,0,0,0,0,0,0,0,0,0,1,0,0,0,0,0,0,0,0,0,0
Samoa,WS,0,0,0,2,0,0,0,0,0,1,1,1,0,0,0,0,0,0,0,0,0,1,0,0,1,1,0,0,0,0,0,0,1,0,0,1,0,0,1,0,0,0,0
"Yemen, Rep. of",YE,0,0,0,0,0,0,0,0,0,0,0,1,0,1,0,0,2,0,2,1,0,3,4,1,0,3,2,3,1,1,2,0,0,1,0,2,2,1,2,3,5,2,3
South Africa,ZA,1,2,0,1,2,0,1,1,2,0,2,1,0,2,2,2,4,1,2,5,5,6,6,2,2,0,2,3,3,4,1,3,2,1,1,1,3,5,0,6,2,4,8
Zambia,ZM,0,1,0,1,0,0,0,0,0,1,1,0,0,0,0,1,0,0,1,0,1,1,0,2,1,2,0,3,1,1,2,1,0,1,1,0,0,0,0,2,3,1,1
Zimbabwe,ZW,0,1,0,0,0,0,0,0,0,0,1,0,0,0,0,0,0,0,2,0,1,2,0,2,0,0,0,4,0,0,2,1,0,2,2,1,1,2,0,2,0,2,2